,t-statistic,p-value,DOF,significant
lmt_scr_perc_correct,-1.075172253951264,0.28238218865608894,3067.0,0
lmt_scr_num_timed_out,1.7267282488497286,0.08431717342387093,3067.0,0
lmt_scr_avg_rt,-1.3243190511132852,0.1854957840517897,3067.0,0
lmt_scr_rt_correct,-1.0992128519248725,0.271761510315635,3067.0,0
