,t-statistic,p-value,DOF,significant
lmt_scr_perc_correct,0.16694887387808355,0.8674264995159922,2080.674601510555,0
lmt_scr_num_timed_out,2.953319557615844,0.003178132338391506,2133.2148522927155,1
lmt_scr_avg_rt,-1.000437414114896,0.3171277820328019,8373.002495417812,0
lmt_scr_rt_correct,-1.0000969772250508,0.3172924797058184,8373.000389456298,0
